{
    "loss": 0.42240533232688904,
    "accuracy": 0.8725489974021912
}