{
    "loss": 0.30013662576675415,
    "accuracy": 0.8627451062202454
}